91.09891891479492,446.5747261047363,0.0003468881914159283,139.43503379821777,416.93100929260254,-22.573094367980957,163.96366119384766,354.4911861419678,-25.692217350006104,117.77332305908203,308.7037181854248,-27.107086181640625,69.37650680541992,301.14789962768555,-27.158973217010498,163.3261489868164,291.6479301452637,5.62383234500885,173.44911575317383,234.8151683807373,-0.7239262759685516,177.8023910522461,199.85020637512207,-10.677564144134521,179.76818084716797,168.23477268218994,-19.87851858139038,128.67852210998535,280.74594497680664,5.151124596595764,139.09974098205566,219.95736122131348,1.3015314936637878,146.08579635620117,182.40172863006592,-8.684178590774536,150.84863662719727,150.20861148834229,-17.2794771194458,96.6838550567627,283.42700958251953,-0.16897151246666908,102.00139045715332,225.1571559906006,-7.4552857875823975,110.32236099243164,189.3819236755371,-17.51560926437378,114.98656272888184,158.5889482498169,-24.930436611175537,63.01107883453369,294.6361541748047,-8.586965799331665,66.35923385620117,245.5089282989502,-15.375720262527466,71.73530578613281,216.50044441223145,-18.98181438446045,76.49448871612549,189.29752349853516,-22.420437335968018,B
106.1147689819336,458.9809799194336,0.0003121942427242175,152.9886245727539,429.5995330810547,-21.340420246124268,177.6199722290039,366.4120674133301,-23.584792613983154,135.00066757202148,319.49286460876465,-24.410436153411865,88.1096076965332,308.63722801208496,-23.966894149780273,177.83510208129883,302.37793922424316,7.413170337677002,186.24385833740234,243.4852695465088,1.7327864468097687,188.6846160888672,207.9503059387207,-7.920808792114258,188.8819694519043,175.65412044525146,-16.809020042419434,144.72885131835938,292.3209571838379,6.5348881483078,155.23675918579102,229.65285301208496,3.168896734714508,162.53517150878906,190.65935611724854,-6.779597997665405,167.05463409423828,157.82858848571777,-15.365537405014038,114.46379661560059,295.22300720214844,0.8515775203704834,121.03446960449219,235.47356128692627,-5.907026529312134,130.03003120422363,199.22327041625977,-15.612506866455078,134.3704605102539,168.91197681427002,-22.69256591796875,82.47879028320312,305.996618270874,-7.873997688293457,88.4306526184082,254.08653259277344,-14.64745283126831,95.17000198364258,223.06241512298584,-18.220499753952026,100.79954147338867,194.55519676208496,-21.47573471069336,B
135.25811195373535,445.24709701538086,0.00037019279261585325,184.3467903137207,409.3609428405762,-27.188971042633057,207.20699310302734,339.83957290649414,-33.47992181777954,152.7759552001953,294.6390724182129,-37.38936185836792,101.14225387573242,285.03310203552246,-40.13774394989014,197.1702003479004,263.7315273284912,-3.484932780265808,200.22850036621094,196.79489135742188,-14.377394914627075,198.54904174804688,155.3254795074463,-27.0697283744812,194.44826126098633,118.68540287017822,-37.928006649017334,159.03070449829102,256.8558883666992,-3.947942554950714,163.2016944885254,183.2201385498047,-12.421849966049194,166.46757125854492,136.364107131958,-25.184357166290283,167.76268005371094,97.05582618713379,-35.466086864471436,125.53235054016113,265.0887393951416,-9.449957013130188,125.33626556396484,194.8317575454712,-20.566396713256836,130.47287940979004,149.53296661376953,-33.10768127441406,132.14067459106445,111.35965347290039,-41.93915843963623,90.4293441772461,283.95790100097656,-18.272923231124878,88.59996795654297,226.9094467163086,-29.1379451751709,89.9610710144043,190.2022933959961,-34.99471664428711,90.49341201782227,156.03469848632812,-39.543960094451904,B
153.26743125915527,432.9136276245117,0.0003423677844693884,202.6396369934082,402.4299430847168,-26.423144340515137,229.25142288208008,334.3106174468994,-31.925134658813477,178.0953025817871,286.98841094970703,-35.16528606414795,125.66598892211914,276.90038681030273,-37.45154142379761,222.47581481933594,261.5518569946289,-1.9579587876796722,226.8852996826172,197.39333152770996,-12.053477764129639,225.9528923034668,157.60887622833252,-24.147355556488037,222.92585372924805,122.10196495056152,-34.859280586242676,185.8700180053711,253.40469360351562,-2.3483388125896454,191.75237655639648,185.17264366149902,-10.62380075454712,194.8311424255371,140.77543258666992,-23.911030292510986,195.6161117553711,102.702956199646,-34.822378158569336,153.00066947937012,259.3515872955322,-7.665408253669739,156.62732124328613,193.90116691589355,-18.944705724716187,162.82560348510742,151.51793003082275,-31.950697898864746,164.89891052246094,114.55132484436035,-41.36225700378418,117.85762786865234,274.4823360443115,-16.180788278579712,121.05669021606445,221.49762153625488,-27.41898775100708,125.62500953674316,187.8987693786621,-33.95103931427002,129.02356147766113,155.3182554244995,-39.208433628082275,B
99.64020729064941,307.0261859893799,0.0002892452721425798,157.1869659423828,304.3548774719238,2.261521965265274,206.92365646362305,281.6957187652588,0.3643321618437767,250.01781463623047,271.192102432251,-7.444013357162476,287.7743339538574,265.482816696167,-15.53108811378479,195.8011817932129,197.30322360992432,20.927035808563232,219.45253372192383,154.99826431274414,10.516618490219116,248.05179595947266,143.73072624206543,-2.3627498745918274,274.50355529785156,142.95023918151855,-11.670974493026733,181.74285888671875,188.0674409866333,6.866832375526428,211.08625411987305,134.79183197021484,-5.128231048583984,247.9096794128418,129.3980884552002,-19.266213178634644,277.17613220214844,141.64833068847656,-28.574724197387695,165.7889747619629,186.7910385131836,-10.119431018829346,196.68424606323242,135.0232744216919,-23.691904544830322,236.65990829467773,134.04554843902588,-35.10372877120972,268.92330169677734,148.4292984008789,-41.5612268447876,150.8362579345703,192.30772018432617,-27.909963130950928,181.73355102539062,152.74555206298828,-40.74345588684082,214.6304702758789,145.512056350708,-47.87546634674072,244.13217544555664,151.58228874206543,-51.82096004486084,C
85.69784164428711,404.93943214416504,0.0002799291178234853,134.9503517150879,402.4416160583496,-8.279638290405273,187.6873016357422,361.0106563568115,-8.932329416275024,231.29117965698242,341.9592475891113,-12.131311893463135,268.7679672241211,329.00044441223145,-15.087807178497314,172.39574432373047,282.1401786804199,15.244425535202026,191.51559829711914,244.4845676422119,7.065284848213196,210.24635314941406,225.53804397583008,-4.371664524078369,230.88178634643555,214.65373992919922,-13.899115324020386,154.21613693237305,275.27103424072266,7.5780534744262695,178.30743789672852,232.13842391967773,-2.505088150501251,203.58856201171875,216.6866970062256,-15.555933713912964,232.63957977294922,211.48601531982422,-24.3872332572937,133.78019332885742,276.76589012145996,-3.9036786556243896,161.23821258544922,235.36874771118164,-17.69632577896118,189.72379684448242,218.66580963134766,-27.2782564163208,221.38574600219727,208.50670337677002,-32.71216630935669,112.9996109008789,285.03684997558594,-17.113423347473145,142.97819137573242,250.34995079040527,-30.020430088043213,165.14968872070312,231.67828559875488,-35.47133445739746,189.28630828857422,218.19110870361328,-38.57851028442383,C
163.20297241210938,355.65882682800293,0.00023637481717742048,218.02606582641602,351.3827133178711,15.724377632141113,251.2098503112793,334.7852325439453,18.19035530090332,280.5206489562988,332.4505805969238,13.111591339111328,310.5137634277344,334.67662811279297,7.240967154502869,230.42137145996094,259.38560485839844,30.29230833053589,269.82357025146484,239.3340539932251,25.233829021453857,301.6983413696289,238.55106353759766,16.63999319076538,324.30572509765625,242.9055118560791,10.07799506187439,224.07142639160156,254.3950080871582,13.207342624664307,275.0659942626953,229.68984603881836,6.842798590660095,308.94535064697266,232.27798461914062,-2.077983319759369,330.8283233642578,243.36052894592285,-7.705006003379822,222.92438507080078,258.23704719543457,-4.994206726551056,276.2767791748047,230.75783729553223,-9.670218229293823,310.7415008544922,232.58853435516357,-13.269655704498291,333.4918975830078,242.07987785339355,-15.486035346984863,227.49988555908203,271.0262203216553,-23.19207191467285,271.046142578125,250.88516235351562,-26.977710723876953,300.3229522705078,244.2092227935791,-27.757625579833984,323.5177993774414,243.42767715454102,-28.077025413513184,C
81.43428802490234,384.18188095092773,0.00028430567908799276,128.19815635681152,384.5840549468994,-16.392565965652466,182.56963729858398,361.76233291625977,-22.513504028320312,226.44367218017578,348.8268756866455,-29.204068183898926,263.4877014160156,337.1359348297119,-35.22139549255371,188.9058494567871,286.2759017944336,2.712586522102356,217.24767684936523,250.18303871154785,-10.983260869979858,237.3654556274414,235.86118698120117,-24.898834228515625,257.5051689147949,230.92291831970215,-34.52399969100952,170.23920059204102,274.1107177734375,0.25592006742954254,201.14212036132812,234.7875738143921,-13.80721926689148,223.31218719482422,223.81154537200928,-27.722899913787842,246.55174255371094,225.51791667938232,-36.502442359924316,147.2377109527588,269.6042060852051,-6.332281827926636,178.6165428161621,231.6855525970459,-21.48275852203369,202.66494750976562,220.28443336486816,-31.854078769683838,227.92221069335938,220.5932378768921,-37.4399733543396,120.2520751953125,270.9891414642334,-15.098693370819092,150.27228355407715,243.04590225219727,-28.811824321746826,172.50686645507812,228.46186637878418,-35.93696117401123,196.1804962158203,221.42678260803223,-39.78276252746582,C
93.26542854309082,416.37906074523926,0.00015737425201223232,140.21726608276367,396.5628433227539,5.938290953636169,175.07047653198242,363.7881088256836,4.3159496784210205,205.18142700195312,342.99330711364746,-3.741135895252228,234.0453338623047,326.4327907562256,-12.174079418182373,148.65262985229492,307.5637149810791,17.48270034790039,162.91126251220703,260.70539474487305,12.15899109840393,171.63715362548828,231.2770128250122,5.807619690895081,175.32865524291992,205.5772304534912,-0.8124783635139465,136.8332862854004,305.0951957702637,3.5712552070617676,171.8362808227539,269.8205852508545,-14.5967435836792,202.40501403808594,287.1581268310547,-28.168954849243164,215.05756378173828,309.666109085083,-33.6280083656311,125.78505516052246,308.43546867370605,-11.095706224441528,165.0071907043457,276.7343044281006,-27.888665199279785,196.39604568481445,296.9704055786133,-34.58029747009277,210.42970657348633,321.3736152648926,-35.06746768951416,117.987060546875,316.85912132263184,-25.653793811798096,153.0984115600586,292.4640941619873,-37.48202562332153,181.9919204711914,300.18510818481445,-41.203269958496094,199.40866470336914,313.7813186645508,-41.654605865478516,D
85.43014526367188,394.4460868835449,0.00018355252905166708,146.57794952392578,370.65218925476074,39.24779176712036,179.18441772460938,339.56746101379395,53.16864490509033,208.10340881347656,318.26273918151855,51.191816329956055,230.0535011291504,295.5333709716797,46.792306900024414,146.2523651123047,279.2439079284668,72.95003890991211,156.062593460083,234.70158576965332,82.0807933807373,160.80072402954102,203.6542510986328,80.4289436340332,161.51884078979492,179.2045783996582,75.20636081695557,135.89618682861328,276.03200912475586,39.469921588897705,181.22711181640625,242.0706081390381,32.879652976989746,215.91814041137695,256.5769672393799,18.778704404830933,232.24206924438477,280.7287788391113,12.003248929977417,126.28172874450684,277.41225242614746,5.528817772865295,171.20342254638672,245.16632080078125,-2.0752622187137604,210.25869369506836,263.92664909362793,-9.798527359962463,231.10876083374023,288.5369682312012,-12.902568578720093,122.54093170166016,284.95842933654785,-26.717774868011475,159.83291625976562,253.57406616210938,-34.273879528045654,194.13782119750977,258.70960235595703,-37.389702796936035,218.0206298828125,272.20956802368164,-38.58954429626465,D
122.97222137451172,455.72402000427246,3.5828168165608076e-05,173.39797973632812,427.58213996887207,17.064260244369507,204.35707092285156,396.9063949584961,16.737096309661865,230.86341857910156,375.5569267272949,7.460741400718689,239.17308807373047,351.9916248321533,-2.787342667579651,161.48632049560547,336.1808395385742,21.902010440826416,173.64130020141602,288.8946533203125,17.367911338806152,181.8384552001953,260.1470947265625,12.069705724716187,181.36859893798828,235.7194948196411,6.387844681739807,150.35301208496094,336.1863613128662,1.4192810654640198,202.49666213989258,299.4114303588867,-14.512839317321777,229.1037368774414,329.35383796691895,-22.906546592712402,229.24875259399414,354.4673538208008,-24.647672176361084,145.6639003753662,342.9678440093994,-18.59355926513672,195.73020935058594,307.87814140319824,-32.505996227264404,222.86113739013672,336.1249351501465,-31.34208917617798,225.85084915161133,361.12915992736816,-26.841323375701904,147.43767738342285,356.1141586303711,-37.76651859283447,185.3628158569336,324.4321060180664,-46.041340827941895,213.43721389770508,335.9480094909668,-42.38758087158203,224.68475341796875,352.30762481689453,-37.72705793380737,D
131.20773315429688,420.4545593261719,0.00019512490325723775,190.80284118652344,389.386568069458,34.09491777420044,224.55442428588867,357.74545669555664,41.129512786865234,256.1535835266113,338.0940341949463,34.070539474487305,282.88623809814453,320.4148864746094,24.685640335083008,176.21971130371094,293.4158992767334,51.333279609680176,189.84086990356445,247.23106384277344,51.077280044555664,195.8255958557129,215.2068042755127,43.364033699035645,198.40946197509766,188.61302375793457,33.86882305145264,166.5614128112793,292.9185962677002,18.433398008346558,225.83250045776367,257.0584487915039,0.3393230214715004,264.14377212524414,274.0631103515625,-18.742002248764038,280.03204345703125,300.390043258667,-27.7211332321167,161.11305236816406,299.0464210510254,-13.803411722183228,215.11924743652344,269.5044994354248,-28.635108470916748,256.5669059753418,286.7551803588867,-38.283119201660156,278.30440521240234,309.4344234466553,-41.66287899017334,164.12612915039062,311.92005157470703,-44.205355644226074,207.48537063598633,286.13759994506836,-53.259339332580566,243.27932357788086,291.117639541626,-55.791449546813965,267.76479721069336,302.563533782959,-56.50930881500244,D
122.5625228881836,371.2529468536377,-0.00022358359274221584,163.81759643554688,345.41210174560547,-15.543702840805054,176.4725112915039,289.41015243530273,-20.63183069229126,138.773193359375,252.74408340454102,-25.878405570983887,100.90147972106934,246.05512619018555,-28.103322982788086,164.30425643920898,252.41958618164062,-4.494870901107788,172.82535552978516,205.97887516021729,-18.81875991821289,175.42842864990234,235.71475982666016,-30.004425048828125,170.65200805664062,262.71483421325684,-36.129910945892334,134.64542388916016,248.86985778808594,-5.738468766212463,137.83323287963867,191.31342887878418,-19.80309009552002,146.58470153808594,222.87775039672852,-30.101072788238525,145.5076026916504,254.24872398376465,-34.124159812927246,107.07889556884766,251.82992935180664,-9.720311164855957,100.93079566955566,193.9709758758545,-20.541985034942627,117.22028732299805,214.22354221343994,-26.56456708908081,119.65399742126465,242.60098457336426,-28.3099102973938,78.55971813201904,259.1450786590576,-15.264149904251099,74.54525947570801,215.5448055267334,-21.203365325927734,91.3034439086914,222.70800590515137,-22.63629913330078,98.40007781982422,241.70891761779785,-23.197169303894043,E
137.9636001586914,360.7969093322754,-0.0002497522837074939,174.0234375,333.93041610717773,-16.680145263671875,187.49916076660156,283.4757900238037,-23.651347160339355,154.9161434173584,247.76890754699707,-30.931220054626465,117.69781112670898,238.86497497558594,-34.6327543258667,178.15946578979492,240.6826400756836,-5.6975257396698,185.67955017089844,195.33352375030518,-22.190022468566895,187.24054336547852,230.01235485076904,-33.81265163421631,182.67257690429688,255.67245483398438,-39.599623680114746,148.94131660461426,236.61061763763428,-6.937470436096191,153.42209815979004,183.19763660430908,-21.830599308013916,159.2945384979248,220.0343656539917,-30.120298862457275,156.45343780517578,246.84142112731934,-32.4872350692749,121.51921272277832,239.96835708618164,-11.252617835998535,118.12621116638184,183.978009223938,-22.65143394470215,131.5965747833252,210.21437644958496,-24.160237312316895,131.82979583740234,237.46117115020752,-22.254672050476074,93.24050903320312,248.73281478881836,-17.385950088500977,90.19140243530273,206.24113082885742,-22.567121982574463,105.41230201721191,216.24127864837646,-20.33412456512451,110.70341110229492,235.28290271759033,-17.544240951538086,E
172.4082374572754,391.32908821105957,-0.00018071812519337982,210.2814483642578,369.08663749694824,-15.046226978302002,225.37750244140625,320.1250648498535,-20.59929370880127,190.15113830566406,289.56971168518066,-26.365020275115967,154.34152603149414,293.4789276123047,-29.125044345855713,215.58866500854492,284.1804885864258,-5.019922256469727,224.68929290771484,242.48016357421875,-19.070082902908325,226.5033721923828,272.85181045532227,-28.287630081176758,223.1271743774414,294.7290802001953,-33.20021152496338,189.0631866455078,281.34349822998047,-6.7058223485946655,196.2972640991211,232.2323226928711,-20.928046703338623,202.78867721557617,266.4938735961914,-28.03539514541626,200.54424285888672,291.52713775634766,-29.657490253448486,162.7875518798828,283.74781608581543,-11.228559017181396,161.31908416748047,232.622709274292,-23.136887550354004,174.43370819091797,258.4060764312744,-24.975574016571045,174.1040802001953,283.3420944213867,-23.066461086273193,134.33435440063477,289.87409591674805,-17.424774169921875,133.61215591430664,247.67555236816406,-23.63051414489746,148.43133926391602,259.6820068359375,-22.069430351257324,152.34682083129883,279.1453170776367,-19.877904653549194,E
145.4550552368164,383.5046195983887,-0.0001947871714946814,186.98196411132812,358.7959957122803,-18.51271152496338,206.65510177612305,309.1297245025635,-26.348257064819336,168.5012435913086,273.6317539215088,-34.24722194671631,130.15387535095215,267.0362949371338,-38.385188579559326,197.85594940185547,268.4641170501709,-4.184514880180359,208.66344451904297,221.46211624145508,-22.536094188690186,207.90340423583984,254.88301277160645,-35.588767528533936,202.1640396118164,280.1154327392578,-42.354021072387695,169.5509147644043,263.22604179382324,-5.167721509933472,178.04996490478516,207.15288162231445,-23.101928234100342,182.23730087280273,242.88127899169922,-33.69268178939819,178.9583969116211,269.6268367767334,-37.10665941238403,141.56102180480957,263.349609375,-9.855147004127502,142.33125686645508,205.93432903289795,-24.0262508392334,153.82780075073242,233.67745399475098,-27.288236618041992,152.4971580505371,261.1930847167969,-25.827836990356445,111.2397289276123,267.76659965515137,-16.643974781036377,112.7503776550293,225.9037685394287,-23.71492624282837,126.55681610107422,239.31867599487305,-23.089354038238525,129.32162284851074,258.8119125366211,-21.31917715072632,E
107.91440963745117,404.8984909057617,0.00019681085177580826,147.13499069213867,382.8215217590332,1.9866324961185455,176.32022857666016,351.74766540527344,-1.9298210740089417,204.61091995239258,331.5735340118408,-10.932693481445312,231.52345657348633,313.6914825439453,-19.332045316696167,149.42974090576172,301.6958427429199,12.446959018707275,179.5973014831543,274.5718574523926,-7.817234992980957,203.53225708007812,283.39067459106445,-25.42896270751953,220.56421279907227,298.9038562774658,-34.08818483352661,141.55667304992676,294.11853790283203,-0.11979888193309307,161.71689987182617,254.03157234191895,-10.766984224319458,186.10393524169922,229.45907592773438,-20.14303207397461,206.9213104248047,211.24677658081055,-26.490962505340576,129.90254402160645,296.32301330566406,-16.663849353790283,138.66735458374023,248.1466770172119,-26.79476022720337,149.94169235229492,215.1637887954712,-33.424339294433594,161.16836547851562,189.65842723846436,-37.48057842254639,118.11213493347168,305.00335693359375,-34.24975633621216,116.28031730651855,264.37597274780273,-42.47879505157471,116.10033988952637,234.4819164276123,-44.78526592254639,117.0797061920166,210.42320251464844,-45.85743427276611,F
105.7009220123291,382.3292541503906,7.693854058743455e-05,135.4384994506836,364.37235832214355,-26.993765830993652,152.22917556762695,330.2194118499756,-40.58420658111572,146.00799560546875,296.4712142944336,-53.29348564147949,127.75359153747559,266.8707275390625,-64.12742614746094,146.2398338317871,262.20022201538086,-12.490357160568237,147.4028778076172,222.3314094543457,-39.010164737701416,135.7555103302002,230.75762271881104,-62.08765506744385,124.08078193664551,247.7526569366455,-74.17659282684326,118.39756965637207,253.3765983581543,-10.578829050064087,115.96149444580078,201.78065299987793,-24.155490398406982,107.96929359436035,169.6987009048462,-38.60312461853027,100.81862449645996,138.09529781341553,-49.48739051818848,93.44488143920898,257.7191162109375,-14.189200401306152,91.51723861694336,210.3914451599121,-25.831661224365234,88.5405445098877,177.45459079742432,-35.34012317657471,86.62899971008301,145.5256175994873,-42.24405288696289,68.779296875,272.7133369445801,-21.15941286087036,64.55548763275146,235.02060413360596,-29.008052349090576,64.58554744720459,210.1270294189453,-31.32897138595581,66.95043087005615,185.26848793029785,-33.17671775817871,F
108.66495132446289,399.2980098724365,0.0002590818621683866,148.00857543945312,380.6843376159668,-7.421828508377075,180.0450897216797,344.95147705078125,-13.0303955078125,209.06444549560547,320.7747745513916,-21.24422550201416,235.357666015625,300.58791160583496,-28.47566843032837,154.29072380065918,295.5325126647949,2.2038722038269043,184.38446044921875,264.7126293182373,-20.416276454925537,208.6795425415039,271.9911575317383,-38.615925312042236,226.31214141845703,286.63304328918457,-47.35432147979736,141.57737731933594,287.067289352417,-4.7641196846961975,163.10802459716797,246.8796730041504,-18.352198600769043,189.10516738891602,223.6306858062744,-28.023509979248047,212.74988174438477,206.2323760986328,-33.63170385360718,125.03654479980469,289.30066108703613,-16.25287413597107,137.0372200012207,240.84803581237793,-29.9125337600708,152.26927757263184,207.9949951171875,-37.139339447021484,168.4694480895996,182.75892734527588,-40.31921863555908,107.12854385375977,298.9877128601074,-29.274518489837646,110.22920608520508,259.6073913574219,-40.86657524108887,112.11915969848633,228.2087230682373,-44.763121604919434,115.56856155395508,202.03994750976562,-45.95834732055664,F
92.57631301879883,393.63043785095215,7.954490683914628e-05,120.86809158325195,375.4738140106201,-31.23234748840332,133.03699493408203,341.58411026000977,-48.09155464172363,120.9249496459961,308.690128326416,-62.63928413391113,99.50741767883301,280.0319480895996,-75.19029140472412,131.6444206237793,271.09339714050293,-21.94908380508423,129.55572128295898,232.62667179107666,-50.925445556640625,113.98704528808594,240.75819969177246,-75.83052158355713,97.18900680541992,257.35307693481445,-89.24601554870605,102.0102310180664,261.6226100921631,-18.691916465759277,99.69099044799805,209.60311889648438,-34.556286334991455,89.34001922607422,177.35740184783936,-49.54874515533447,78.44883441925049,146.55042171478271,-60.668158531188965,75.81371307373047,266.2771797180176,-20.87740182876587,72.97603607177734,216.80909156799316,-33.91403913497925,69.1875696182251,182.98361778259277,-43.48367691040039,65.9915828704834,151.01137161254883,-50.48598766326904,51.038246154785156,283.15813064575195,-26.647865772247314,46.9271183013916,243.4365749359131,-35.4523229598999,45.09593486785889,216.91397666931152,-37.5964617729187,45.44852256774902,190.38495540618896,-39.34136152267456,F
60.93438148498535,291.2282466888428,0.00020133997168159112,108.66798400878906,303.6173343658447,8.233262300491333,148.25106620788574,315.28950691223145,0.6961209326982498,176.25568389892578,336.8532657623291,-10.975141525268555,200.13792037963867,355.3524112701416,-23.206160068511963,176.44048690795898,264.4966793060303,-18.839070796966553,225.39688110351562,274.1462230682373,-36.17345333099365,257.70660400390625,279.79156494140625,-47.53535270690918,284.01432037353516,283.2545471191406,-55.31691551208496,162.82108306884766,262.353458404541,-33.20561170578003,202.11166381835938,313.4718418121338,-53.22886943817139,199.27032470703125,346.05119705200195,-58.18240165710449,191.0114860534668,364.25122261047363,-59.902334213256836,144.04885292053223,272.75768280029297,-46.11422538757324,184.3764305114746,321.62343978881836,-63.31836700439453,184.5897102355957,352.59944915771484,-60.79348564147949,176.2262725830078,370.8091449737549,-56.514883041381836,125.74494361877441,289.1078567504883,-58.28819274902344,159.76943016052246,326.2026786804199,-68.37057113647461,169.5384979248047,352.2630786895752,-65.20259857177734,171.75531387329102,370.88029861450195,-61.060752868652344,G
58.83307456970215,307.2180461883545,0.00010863262104976457,103.13979148864746,328.66899490356445,27.755920886993408,137.6004123687744,339.019832611084,32.93692111968994,161.95371627807617,354.3192386627197,29.899845123291016,180.34114837646484,370.6026077270508,25.512914657592773,167.5255012512207,285.45979499816895,17.96404004096985,208.71278762817383,299.03491973876953,14.255768060684204,234.44238662719727,308.4085178375244,10.443265438079834,255.7457733154297,315.4698944091797,6.875016093254089,159.50520515441895,281.896448135376,-2.287319600582123,201.52999877929688,322.2575283050537,-9.374456405639648,198.78677368164062,350.54162979125977,-10.986722707748413,188.4092903137207,365.4694175720215,-10.552817583084106,147.26118087768555,291.3139343261719,-20.375895500183105,189.16152954101562,329.95179176330566,-25.62861204147339,187.94116973876953,356.92983627319336,-19.883893728256226,177.41212844848633,371.548490524292,-14.510031938552856,135.76168060302734,306.3102149963379,-36.57945394515991,167.52655029296875,338.22558403015137,-38.70830774307251,175.6572723388672,360.7525062561035,-33.3650279045105,176.71003341674805,376.07683181762695,-28.247954845428467,G
111.36066436767578,290.27873039245605,-0.00010191996807407122,158.6750030517578,310.8269691467285,36.03138208389282,194.91592407226562,313.36612701416016,38.51185083389282,222.9316520690918,319.55188751220703,30.65563678741455,234.4209098815918,324.5909786224365,20.788025856018066,228.36538314819336,257.6301956176758,15.97396969795227,270.44857025146484,261.3948154449463,4.352521002292633,301.1146926879883,263.3683776855469,-6.618754863739014,324.89383697509766,263.0851364135742,-15.026918649673462,214.8629379272461,253.42040061950684,-11.942737102508545,258.92011642456055,285.2994918823242,-24.023141860961914,237.7045440673828,303.9792537689209,-22.72963047027588,217.36955642700195,302.6521110534668,-20.82636833190918,200.04131317138672,260.31786918640137,-37.572388648986816,245.46579360961914,290.2770709991455,-46.30570888519287,225.84033966064453,308.52381706237793,-34.13431406021118,208.28472137451172,308.20152282714844,-25.568702220916748,187.12249755859375,273.7874507904053,-60.539002418518066,225.59864044189453,297.8561210632324,-56.600565910339355,213.23617935180664,312.44544982910156,-40.25924205780029,198.64442825317383,314.9901580810547,-30.380172729492188,G
90.97416877746582,303.2179069519043,-8.950401934271213e-05,142.52970695495605,317.6340579986572,47.28726387023926,178.3622169494629,319.78692054748535,50.19774913787842,206.9106101989746,332.19961166381836,39.48887825012207,234.50777053833008,346.3270854949951,25.343074798583984,200.71964263916016,263.6908721923828,21.910996437072754,244.61484909057617,257.9105472564697,8.768354654312134,277.32982635498047,256.87482833862305,-3.261258602142334,302.0671272277832,254.50138092041016,-12.480307817459106,188.70956420898438,263.18821907043457,-13.351694345474243,238.36185455322266,289.25296783447266,-25.871875286102295,217.6418113708496,313.679895401001,-23.486013412475586,195.53556442260742,315.9635639190674,-21.256439685821533,175.92058181762695,272.51163482666016,-45.90517044067383,224.10821914672852,296.9813346862793,-54.07541751861572,204.65898513793945,319.7599411010742,-40.51804542541504,184.83280181884766,321.6510200500488,-32.19596862792969,167.57457733154297,285.9052276611328,-74.91302490234375,204.2423439025879,305.209436416626,-72.79812335968018,191.43056869506836,321.1933994293213,-56.88142776489258,175.6558609008789,323.4243965148926,-47.69818305969238,G
53.8664436340332,314.6842288970947,0.0005488281021825969,104.8729133605957,290.80029487609863,42.97808647155762,145.15841484069824,283.8589096069336,36.28982067108154,177.07454681396484,290.9171962738037,20.49764394760132,210.07081985473633,292.11862564086914,4.127435386180878,156.21416091918945,241.08773231506348,-11.381522417068481,216.67400360107422,244.38666343688965,-16.633906364440918,249.7344207763672,245.46615600585938,-18.051756620407104,278.41962814331055,245.11968612670898,-20.362422466278076,150.9058952331543,260.81628799438477,-40.548882484436035,216.93252563476562,261.58470153808594,-51.426072120666504,258.51184844970703,267.2688388824463,-55.89757442474365,291.2832260131836,272.6836109161377,-62.727108001708984,143.22580337524414,285.9096050262451,-61.096835136413574,185.36367416381836,306.3639450073242,-46.32423400878906,158.49461555480957,313.46909523010254,-22.365291118621826,136.76937103271484,312.96778678894043,-14.327208995819092,140.8830451965332,313.92248153686523,-79.72182750701904,164.53813552856445,328.6018753051758,-53.89711856842041,145.058012008667,331.2022304534912,-28.945508003234863,128.78151893615723,327.8455638885498,-17.384178638458252,H
83.0954360961914,301.1751365661621,0.00048361845983890817,133.81595611572266,278.80897521972656,45.645246505737305,175.11497497558594,274.17835235595703,41.58647060394287,207.18877792358398,282.2885227203369,28.219704627990723,240.10936737060547,286.43531799316406,13.701725006103516,187.34411239624023,232.17055320739746,-5.799880027770996,245.75191497802734,236.93346977233887,-6.10710084438324,277.1019744873047,239.66978073120117,-4.279227554798126,304.59590911865234,239.78283405303955,-4.370782971382141,181.14919662475586,251.75983428955078,-35.031418800354004,244.78147506713867,252.27298736572266,-37.17878818511963,282.9354476928711,258.9610290527344,-37.07243204116821,314.0211868286133,263.1657314300537,-41.52561664581299,173.80632400512695,276.3662910461426,-56.02201461791992,211.2973403930664,297.0670223236084,-35.83054542541504,183.57637405395508,304.03979301452637,-14.87478494644165,162.9311752319336,302.78955459594727,-10.067609548568726,171.99895858764648,303.6119842529297,-74.7056531906128,192.10460662841797,318.76559257507324,-45.12778282165527,171.17530822753906,319.6515369415283,-22.02986717224121,155.06586074829102,315.9308052062988,-12.833774089813232,H
95.56464195251465,307.5546455383301,0.0006178034527692944,145.3269100189209,292.5753593444824,35.411009788513184,180.4142951965332,286.1950206756592,27.5787353515625,208.19398880004883,290.3769779205322,8.607749342918396,234.48165893554688,294.54136848449707,-9.591495394706726,189.34894561767578,236.68521881103516,5.544214248657227,241.74468994140625,231.21159553527832,-6.307135224342346,273.05110931396484,227.87880420684814,-12.37275242805481,300.2404594421387,225.1329231262207,-17.087655067443848,181.18751525878906,242.94885635375977,-25.02596139907837,240.0801658630371,237.2581958770752,-49.95564937591553,278.3356475830078,236.87390327453613,-62.430830001831055,309.09297943115234,239.49049472808838,-70.11379718780518,170.40170669555664,256.7588138580322,-50.20407676696777,215.98915100097656,293.0593013763428,-55.82911014556885,188.76947402954102,306.8693161010742,-38.89411211013794,168.67719650268555,306.1132335662842,-28.24082374572754,166.3429069519043,275.9267234802246,-74.00349140167236,193.77338409423828,309.4924736022949,-64.41603183746338,173.39210510253906,318.9224624633789,-45.625739097595215,156.87189102172852,312.4035930633545,-34.06308174133301,H
87.88167953491211,352.8266716003418,0.0005240469181444496,116.13470077514648,305.5331039428711,8.795620203018188,162.9055404663086,290.7765483856201,3.402973711490631,207.35406875610352,301.40390396118164,-3.661879599094391,239.8687744140625,313.80815505981445,-10.534501075744629,181.2740135192871,264.81236457824707,-19.97778058052063,252.73038864135742,262.1664619445801,-28.427517414093018,291.36547088623047,260.4103660583496,-32.061424255371094,322.6654052734375,257.9157543182373,-33.708603382110596,192.36482620239258,294.05073165893555,-29.624252319335938,264.35930252075195,287.129487991333,-34.39608812332153,308.6897277832031,284.38419342041016,-36.311843395233154,342.94361114501953,283.1649398803711,-39.27046060562134,196.9676971435547,326.67901039123535,-35.481998920440674,238.21786880493164,323.6751079559326,-32.43879318237305,217.59082794189453,324.3450736999512,-18.80975604057312,195.5840301513672,325.14023780822754,-10.653771162033081,196.35189056396484,357.61216163635254,-41.49646282196045,216.3176155090332,348.9213752746582,-33.18232536315918,199.43527221679688,348.6504650115967,-17.146354913711548,185.07055282592773,350.9930992126465,-5.773401856422424,H
128.60764503479004,412.13430404663086,-0.0003208477937732823,170.83379745483398,396.471004486084,-21.75154447555542,199.73953247070312,350.4667568206787,-32.047598361968994,188.9302635192871,307.74510383605957,-41.3926362991333,159.4235610961914,285.57887077331543,-44.477620124816895,201.3589096069336,305.52586555480957,-13.806846141815186,220.34744262695312,271.787052154541,-32.5011682510376,203.77235412597656,306.7770195007324,-39.84610319137573,195.40809631347656,323.54275703430176,-42.47559070587158,176.27485275268555,294.3430995941162,-12.66698956489563,190.70180892944336,264.4258689880371,-27.190346717834473,177.77334213256836,304.4971561431885,-26.538524627685547,179.80876922607422,306.8150997161865,-24.286718368530273,149.47721481323242,290.85290908813477,-16.224652528762817,159.66203689575195,256.9347953796387,-31.452922821044922,157.3924446105957,300.91930389404297,-24.740653038024902,155.2659797668457,327.39821434020996,-17.783756256103516,121.40958786010742,290.3952884674072,-22.431511878967285,119.81267929077148,247.6278305053711,-30.488407611846924,119.42338943481445,221.06297492980957,-31.250219345092773,120.68737030029297,192.2299575805664,-32.00233697891235,I
154.34249877929688,398.96578788757324,-0.0004405943036545068,124.5927619934082,362.4280071258545,36.28840208053589,120.96156120300293,329.01500701904297,55.63351631164551,131.8104362487793,300.4500675201416,71.2339735031128,148.75981330871582,290.07554054260254,87.0348072052002,122.21312522888184,289.0660285949707,31.303751468658447,131.793212890625,268.13255310058594,49.47226047515869,137.0068359375,280.93008041381836,60.40888786315918,137.55477905273438,295.382080078125,65.9191370010376,153.0327033996582,286.9010353088379,20.97583770751953,156.91067695617676,265.43100357055664,46.38400077819824,160.15592575073242,279.9544143676758,57.244911193847656,159.16007041931152,290.1884651184082,59.13406848907471,178.60382080078125,292.2074604034424,15.18513798713684,180.78296661376953,269.11540031433105,36.60777807235718,178.91361236572266,280.25742530822754,46.8131685256958,177.36398696899414,293.16816329956055,47.64936447143555,202.39986419677734,301.8463611602783,12.789672613143921,211.65376663208008,259.3627166748047,21.68663263320923,217.84418106079102,238.83233070373535,27.676498889923096,221.47533416748047,222.41732597351074,30.48536777496338,I
106.57957077026367,419.3635940551758,-0.00033491112844785675,149.8268699645996,398.69184494018555,-21.602847576141357,169.4595718383789,347.1512031555176,-30.039520263671875,143.07473182678223,305.1177978515625,-37.25473403930664,106.88207626342773,289.78002548217773,-38.10060262680054,170.34795761108398,302.360315322876,-11.50943398475647,177.66979217529297,260.7316589355469,-31.05510711669922,167.10262298583984,299.64683532714844,-40.82343101501465,163.11248779296875,320.1622009277344,-45.039191246032715,138.99084091186523,292.5300693511963,-9.862805008888245,143.35664749145508,255.90116500854492,-26.72755002975464,136.55946731567383,300.8310127258301,-29.242444038391113,139.88409042358398,311.4481830596924,-28.2881498336792,107.83849716186523,291.0872554779053,-12.794359922409058,111.07210159301758,251.83050155639648,-28.666057586669922,111.56272888183594,292.55876541137695,-24.129836559295654,112.37846374511719,319.6410942077637,-17.724822759628296,76.76567077636719,293.3152770996094,-18.172802925109863,72.23062515258789,244.83243942260742,-26.425178050994873,69.93146896362305,213.66569995880127,-27.861995697021484,68.64237785339355,182.5762939453125,-28.5272479057312,I
114.35670852661133,430.2012634277344,-0.00037082561902934685,82.48255729675293,384.5683479309082,25.747416019439697,78.00089836120605,343.1832218170166,36.19049549102783,93.7968635559082,311.1995601654053,43.435916900634766,116.65948867797852,300.4559326171875,51.261301040649414,81.55977249145508,302.3778533935547,10.653492212295532,99.4892692565918,266.7147445678711,17.41909623146057,105.47988891601562,282.59016036987305,24.991140365600586,102.52004623413086,300.25651931762695,30.15404224395752,118.02384376525879,304.19217109680176,-0.03904583863914013,131.70001029968262,270.6532573699951,12.597293853759766,134.76902961730957,287.85295486450195,21.834113597869873,131.85786247253418,302.00446128845215,25.164966583251953,150.19207000732422,312.9923343658447,-7.274419069290161,160.96769332885742,277.5424575805664,2.1527962386608124,159.27478790283203,289.9204730987549,10.858007669448853,153.3846378326416,304.3344211578369,13.743195533752441,176.55012130737305,326.2310600280762,-11.678839921951294,193.32551956176758,275.8183765411377,-9.39113438129425,203.7948989868164,250.8029079437256,-4.97330904006958,209.8902702331543,229.73796844482422,-2.0859892666339874,I
97.65411376953125,400.367374420166,0.00021313782781362534,137.65507698059082,381.98564529418945,-6.3722193241119385,173.42893600463867,345.994348526001,-10.946851968765259,203.11614990234375,322.7024459838867,-17.83131241798401,224.53262329101562,302.03776359558105,-23.706955909729004,148.08317184448242,287.2987174987793,-1.328725814819336,180.00123977661133,258.7713432312012,-22.583765983581543,204.79497909545898,268.18556785583496,-39.85107183456421,220.6499481201172,284.18832778930664,-48.76649856567383,133.5954761505127,277.4455261230469,-9.473127126693726,153.63967895507812,234.17275428771973,-24.09290313720703,182.0333480834961,210.15698432922363,-35.792338848114014,206.04511260986328,193.04895401000977,-43.480634689331055,114.9244213104248,278.42817306518555,-21.406874656677246,123.17900657653809,225.7913875579834,-37.165706157684326,137.48801231384277,190.7105541229248,-49.32955265045166,152.37553596496582,163.6464786529541,-56.612610816955566,95.73672294616699,288.09173583984375,-34.28354740142822,86.37335777282715,246.07200622558594,-48.98495674133301,81.00954055786133,213.09940338134766,-56.7379093170166,78.5735559463501,184.27142143249512,-61.22162342071533,F
112.55107879638672,345.18436431884766,0.0002533085171307903,160.26874542236328,339.4247245788574,-15.713704824447632,198.42426300048828,316.74705505371094,-21.021509170532227,224.3775749206543,284.02170181274414,-27.2395920753479,230.5257225036621,253.52225303649902,-32.59737730026245,190.60688018798828,259.6804904937744,4.742465615272522,214.26259994506836,227.55826950073242,-11.085708141326904,226.85047149658203,226.1110782623291,-24.952168464660645,232.94029235839844,237.5229263305664,-31.4562726020813,170.21875381469727,243.3303451538086,4.401868581771851,195.25623321533203,200.44435501098633,-1.9013698399066925,211.53606414794922,175.68015575408936,-9.776557087898254,228.0263900756836,154.47041988372803,-15.416011810302734,145.79532623291016,236.75660133361816,-0.9112413227558136,167.27737426757812,194.729905128479,-9.927985072135925,182.82743453979492,167.1390438079834,-18.67624521255493,198.84410858154297,145.54149627685547,-24.494469165802002,115.88682174682617,237.99792766571045,-8.304897546768188,117.81573295593262,205.26959896087646,-17.47916579246521,119.84127044677734,183.11618328094482,-22.182092666625977,124.20308113098145,163.75608444213867,-24.96170997619629,F
118.08357238769531,389.36588287353516,5.904788849875331e-05,161.16687774658203,357.66634941101074,25.802690982818604,183.883056640625,324.1618537902832,32.237069606781006,206.09554290771484,303.4690761566162,29.78278875350952,234.40555572509766,286.84000968933105,27.77456045150757,143.85000228881836,273.3225917816162,34.3865442276001,185.36001205444336,241.67695999145508,21.374857425689697,212.3409652709961,252.0487117767334,8.600159287452698,230.5948257446289,269.9710464477539,1.864352971315384,141.2623691558838,271.2150192260742,10.92357873916626,174.62059020996094,220.12683391571045,0.8219917118549347,207.8925323486328,199.90894317626953,-7.776307463645935,233.33995819091797,193.20396423339844,-12.84343957901001,141.25995635986328,277.07682609558105,-14.576400518417358,162.4369239807129,217.31241703033447,-21.699423789978027,178.77355575561523,182.31915950775146,-28.579909801483154,190.8780288696289,156.3104009628296,-33.83723497390747,147.1395778656006,284.5162868499756,-39.039788246154785,154.60052490234375,238.98385047912598,-45.40354251861572,156.62875175476074,206.83040142059326,-49.363040924072266,157.70071029663086,179.5337677001953,-52.773194313049316,F
102.50654220581055,386.4696407318115,0.0002918135760410223,151.8416404724121,372.7910614013672,-14.908822774887085,191.6927719116211,341.892728805542,-18.8746178150177,216.58063888549805,307.95066833496094,-23.655283451080322,227.51144409179688,278.7552738189697,-27.407615184783936,170.45398712158203,285.291051864624,5.302382707595825,193.7375259399414,251.85745239257812,-10.90108036994934,212.1059799194336,249.1820240020752,-25.715088844299316,227.43600845336914,258.3245372772217,-33.47504377365112,148.3865261077881,271.50243759155273,4.127614498138428,167.6066017150879,226.7874813079834,-4.494313299655914,185.80541610717773,200.05341053009033,-14.210704565048218,204.48980331420898,177.51182556152344,-21.003243923187256,123.42779159545898,267.51657485961914,-1.9643087685108185,139.39682960510254,220.29510498046875,-13.631675243377686,154.6969509124756,189.82837200164795,-23.191614151000977,171.3996696472168,165.7375431060791,-28.84394884109497,94.33562278747559,271.4384651184082,-10.008165836334229,93.02339553833008,233.24222087860107,-21.608257293701172,94.00041580200195,206.40006065368652,-27.211596965789795,98.26385498046875,182.3489284515381,-30.05768060684204,F
405.6165313720703,424.48259353637695,0.00014379861568158958,358.01170349121094,397.2792434692383,-49.08524513244629,327.9116439819336,351.6215515136719,-65.44851779937744,312.6251029968262,299.06965255737305,-68.36767673492432,308.64171981811523,257.935152053833,-64.69511985778809,395.38379669189453,298.02520751953125,-51.23396873474121,363.2122039794922,233.38120937347412,-53.38076114654541,328.7123107910156,237.7229404449463,-51.34901523590088,310.4664993286133,255.93521118164062,-47.989654541015625,414.98035430908203,292.7467918395996,-19.04829978942871,397.2510528564453,217.0227813720703,-28.995859622955322,370.68126678466797,181.4560604095459,-37.17750787734985,353.14136505126953,159.3169069290161,-42.85164833068848,418.5505676269531,297.66520500183105,13.171650171279907,396.4094543457031,239.9254560470581,8.878859877586365,368.96007537841797,216.67430877685547,5.154367685317993,351.01043701171875,207.28955268859863,3.197011947631836,412.52262115478516,303.93516540527344,42.868099212646484,391.0898208618164,264.15072441101074,41.469550132751465,371.5301513671875,253.77585411071777,41.04959011077881,357.6610565185547,251.60422325134277,41.43064498901367,F
80.76174736022949,373.8683223724365,0.00024723931346670724,124.2495059967041,357.2072124481201,-6.945089101791382,164.36840057373047,326.7452144622803,-15.140374898910522,199.7595977783203,307.53424644470215,-26.165125370025635,228.21727752685547,288.9978218078613,-36.50432825088501,143.42992782592773,263.8919162750244,-3.967328667640686,181.05833053588867,240.4460334777832,-29.39413070678711,205.81703186035156,254.12232398986816,-49.11021709442139,220.89221954345703,275.24725914001465,-58.835883140563965,129.40316200256348,254.18277740478516,-13.221206665039062,153.49428176879883,211.68010711669922,-29.468472003936768,183.72493743896484,187.85757064819336,-40.73674201965332,208.42147827148438,170.54357528686523,-47.693190574645996,110.88294982910156,256.4706230163574,-26.63461208343506,123.16566467285156,200.9805393218994,-44.41075801849365,139.16192054748535,163.8365650177002,-55.84115982055664,155.00011444091797,135.90012073516846,-62.02228546142578,91.96523666381836,268.3949947357178,-40.967583656311035,81.46109580993652,224.58153247833252,-58.3494234085083,76.23143672943115,190.2081298828125,-66.29422664642334,74.19779777526855,161.0116481781006,-70.0038194656372,F
107.6530647277832,393.4251022338867,0.00030197597880032845,150.1122283935547,370.0792121887207,-12.757071256637573,184.06862258911133,331.47780418395996,-19.20286774635315,210.6452751159668,298.9940071105957,-27.099058628082275,228.85652542114258,271.10976219177246,-33.771934509277344,147.4509048461914,273.938627243042,-1.487719565629959,177.25914001464844,239.97247695922852,-23.48062038421631,203.09362411499023,241.63859367370605,-42.165279388427734,223.32366943359375,252.410888671875,-51.70762062072754,125.3042221069336,262.07682609558105,-6.08489990234375,139.5538330078125,214.10040378570557,-19.347779750823975,158.53453636169434,181.31549835205078,-30.492308139801025,174.41753387451172,152.6546287536621,-37.53549575805664,100.74583053588867,263.0115222930908,-15.176969766616821,102.58466720581055,209.00078773498535,-30.806500911712646,109.26363945007324,172.9050064086914,-40.67182540893555,117.28446960449219,142.8621482849121,-45.36940574645996,75.19108295440674,274.3590545654297,-25.858583450317383,56.71588897705078,233.9498519897461,-40.53020000457764,45.77676773071289,204.81860160827637,-45.69262981414795,38.836660385131836,178.23645114898682,-47.05729961395264,F
430.58998107910156,440.7326030731201,-5.288353008836566e-06,368.84117126464844,414.4085884094238,-39.62785243988037,330.2958297729492,364.48033332824707,-48.47012519836426,300.4221725463867,315.90871810913086,-44.55265998840332,292.25074768066406,279.4430351257324,-33.895084857940674,396.3515853881836,297.7020263671875,-38.72281789779663,347.4916458129883,244.6717929840088,-37.518651485443115,313.5068130493164,255.93981742858887,-33.2234263420105,300.10040283203125,276.1966037750244,-27.776713371276855,418.6943054199219,289.6500492095947,-7.03758180141449,378.7333297729492,222.63038635253906,-8.8157057762146,348.40030670166016,192.72584438323975,-9.573779106140137,328.09486389160156,170.5431890487671,-10.354527235031128,430.5027770996094,293.8355827331543,24.593665599822998,406.22955322265625,230.31785488128662,26.85673713684082,383.96209716796875,193.47315788269043,25.484421253204346,368.01124572753906,167.0168924331665,24.50294017791748,430.3988265991211,302.7627754211426,54.49399948120117,422.1915817260742,255.4763889312744,61.03855609893799,416.58599853515625,230.47669887542725,63.133177757263184,413.85135650634766,209.98652458190918,64.3559217453003,F
433.3256530761719,379.7284984588623,8.623299436294474e-05,382.99278259277344,360.65460205078125,-10.469629764556885,343.0079650878906,320.5238628387451,-19.34018611907959,308.38916778564453,292.05299377441406,-31.852023601531982,279.38785552978516,269.2870044708252,-43.57816696166992,372.0106506347656,254.63685035705566,2.8810012340545654,335.13450622558594,222.70781993865967,-24.50387954711914,304.3967819213867,232.24725723266602,-46.29916191101074,288.8035583496094,250.39981842041016,-56.291117668151855,390.3373718261719,236.78479671478271,-4.311298727989197,372.68165588378906,182.00706481933594,-18.04328203201294,352.43934631347656,144.30952548980713,-25.13425588607788,335.72444915771484,110.74500560760498,-28.1813645362854,414.1262435913086,234.09976959228516,-17.141079902648926,409.8170852661133,175.84855556488037,-32.3733925819397,401.52050018310547,136.12033367156982,-35.57616710662842,394.1419982910156,102.91093826293945,-35.02762317657471,437.5309753417969,244.00903701782227,-32.1704363822937,457.4119186401367,197.62577533721924,-46.38160228729248,469.5354461669922,160.1925230026245,-48.56738567352295,479.8815155029297,126.76699161529541,-47.06808567047119,F
512.8842163085938,368.4950065612793,0.0001734093893901445,474.62432861328125,369.38873291015625,-21.619441509246826,437.65621185302734,348.9517307281494,-37.5248122215271,422.471923828125,315.43639183044434,-53.3943510055542,421.2462615966797,277.7274799346924,-65.95666408538818,414.17816162109375,278.5499954223633,-10.852848291397095,394.78248596191406,240.6412124633789,-40.01124858856201,412.0903778076172,248.78880500793457,-62.75087833404541,433.8754653930664,262.4627494812012,-73.72344493865967,431.6695022583008,255.28181076049805,-13.37438702583313,402.61192321777344,203.39009284973145,-27.764465808868408,388.15746307373047,170.46283721923828,-40.022616386413574,375.42545318603516,140.69320678710938,-48.8759708404541,457.65411376953125,245.0398063659668,-21.759369373321533,432.1472930908203,192.20852851867676,-36.86345815658569,415.6636428833008,159.26685333251953,-47.73489475250244,398.9171600341797,128.84187698364258,-55.364646911621094,491.5327453613281,242.94073104858398,-32.641165256500244,487.8330993652344,198.0337429046631,-43.01316261291504,484.21504974365234,168.55977058410645,-46.9920015335083,477.29209899902344,140.897855758667,-49.91246223449707,F
515.4930877685547,369.85161781311035,-0.0001614856591913849,467.4565887451172,346.25078201293945,5.765613317489624,436.1168670654297,311.29889488220215,3.7738609313964844,408.4437942504883,291.1520576477051,-4.440349340438843,384.27024841308594,268.632287979126,-12.91179895401001,463.3807373046875,250.93500137329102,21.2142014503479,431.76414489746094,221.83846950531006,2.8166750073432922,404.8114013671875,234.8101043701172,-16.558208465576172,388.9027786254883,254.23725128173828,-27.095863819122314,475.32825469970703,243.59807968139648,7.023788094520569,452.06958770751953,196.2602949142456,-1.8936464190483093,421.0767364501953,176.16824626922607,-12.85179615020752,393.90933990478516,161.88122749328613,-20.877714157104492,489.6152114868164,245.65790176391602,-10.95982551574707,473.87683868408203,192.47446060180664,-18.16392421722412,450.5767059326172,162.1626377105713,-25.015511512756348,429.5161819458008,137.89828777313232,-30.67603588104248,502.1118927001953,254.79506492614746,-29.795784950256348,501.96556091308594,209.7671413421631,-35.82956552505493,494.1744613647461,177.5759983062744,-38.27584266662598,484.1642379760742,147.9314088821411,-40.4940128326416,F
412.56771087646484,295.23759841918945,0.0006265554839046672,435.67752838134766,299.9154567718506,-68.85300159454346,457.78114318847656,274.6350574493408,-109.73067283630371,489.1468811035156,237.93429851531982,-135.38058280944824,507.2193145751953,195.69969177246094,-155.23792266845703,388.3884048461914,226.4205551147461,-120.78575134277344,427.32677459716797,167.99112796783447,-160.2920150756836,472.00801849365234,165.9951639175415,-174.87930297851562,501.4246368408203,177.63786792755127,-179.3174934387207,384.0007019042969,200.4488182067871,-95.44669151306152,392.10704803466797,135.15735626220703,-145.85039138793945,416.06719970703125,91.47982835769653,-174.53048706054688,432.0978546142578,54.183526039123535,-192.19934463500977,389.7808074951172,184.71374988555908,-69.29793357849121,380.6486129760742,126.30553722381592,-107.58357048034668,383.2771301269531,79.35015678405762,-131.34343147277832,384.56016540527344,39.29649353027344,-145.03190994262695,396.71932220458984,175.28759479522705,-45.75848579406738,382.69493103027344,128.64984512329102,-67.57405281066895,374.1810607910156,96.39040231704712,-81.1789321899414,365.27183532714844,65.34566402435303,-90.657958984375,F
98.98211479187012,354.67912673950195,0.00015870522474870086,155.30838012695312,353.3209419250488,32.25642681121826,187.6290512084961,340.48770904541016,43.30491065979004,215.89508056640625,335.1799964904785,42.11334228515625,243.38151931762695,327.29710578918457,38.978378772735596,181.35295867919922,283.83710861206055,55.70441246032715,206.5384864807129,255.82091331481934,56.5710973739624,231.41979217529297,255.0095558166504,51.74287796020508,249.50197219848633,262.01345443725586,47.543983459472656,172.77593612670898,276.8119525909424,28.80589008331299,204.33893203735352,238.12957763671875,22.95342206954956,234.87010955810547,243.38665008544922,12.274999618530273,251.6324806213379,261.36056900024414,6.8373191356658936,164.43401336669922,274.7255229949951,0.9440144896507263,194.67458724975586,234.87977027893066,-5.188480019569397,227.30236053466797,243.56037139892578,-11.145941019058228,246.67842864990234,261.9729423522949,-13.450589179992676,159.30662155151367,279.5680332183838,-25.408918857574463,190.05050659179688,250.50682067871094,-30.912652015686035,215.9850311279297,253.0938720703125,-33.05046081542969,234.0773582458496,265.46716690063477,-33.45966100692749,C
201.7184066772461,159.35418605804443,0.00021035508325439878,229.7089385986328,207.07048416137695,32.38457918167114,251.71131134033203,229.69604015350342,38.10448408126831,262.8696823120117,252.3881435394287,31.76206111907959,274.6084976196289,277.8830337524414,22.497851848602295,295.9641647338867,190.97625732421875,44.82766151428223,329.57088470458984,210.0007152557373,43.15037727355957,342.8418731689453,232.50178813934326,36.921658515930176,347.4252700805664,251.06457710266113,31.011626720428467,295.6399917602539,184.75324630737305,15.826102495193481,340.47767639160156,208.88965129852295,10.214042663574219,349.76470947265625,235.9600067138672,0.1842171512544155,346.3090133666992,257.2768306732178,-6.538738012313843,291.65842056274414,182.78494834899902,-13.335847854614258,335.41133880615234,204.4641923904419,-17.300797700881958,346.7520523071289,233.6136245727539,-20.40086269378662,347.0384979248047,255.96659660339355,-22.995166778564453,283.0215644836426,187.67539501190186,-41.13761901855469,317.603759765625,208.11954975128174,-44.58444595336914,335.70533752441406,228.1244659423828,-45.0769567489624,346.20208740234375,244.6739387512207,-46.096129417419434,C
180.00154495239258,422.36961364746094,0.0003085019488935359,213.1495475769043,388.179874420166,-4.799615144729614,221.5067481994629,342.99519538879395,-2.9791682958602905,229.45775985717773,303.2278633117676,-4.3195852637290955,235.99143981933594,270.28295516967773,-4.99068409204483,163.95977020263672,317.66510009765625,30.901875495910645,151.50964736938477,285.57140350341797,27.218728065490723,153.8523292541504,261.5339756011963,18.12750816345215,160.198974609375,243.55462074279785,11.513853073120117,147.0812702178955,318.6814498901367,26.27040147781372,133.8731575012207,279.0901565551758,22.28969097137451,140.06051063537598,254.07906532287598,11.427890062332153,154.0767478942871,238.28713417053223,4.176248908042908,130.43493270874023,324.0963649749756,17.4275004863739,116.45881652832031,282.79526710510254,11.671642065048218,123.2609748840332,258.06612968444824,3.463306725025177,137.39198684692383,242.7414608001709,-1.3223305344581604,115.16345977783203,332.27992057800293,6.917924284934998,105.39474487304688,296.43324851989746,1.3089872896671295,109.11401748657227,272.41418838500977,-2.919381558895111,119.93057250976562,253.19149017333984,-5.403574109077454,C
479.6950912475586,360.30487060546875,-6.313095127552515e-05,436.1512756347656,351.9826126098633,-4.681377112865448,396.1691665649414,322.14786529541016,-8.46469521522522,363.2959747314453,302.7712154388428,-15.992472171783447,332.4395751953125,287.94416427612305,-22.630839347839355,408.7013626098633,259.13941383361816,16.513774394989014,390.2931213378906,220.48808097839355,4.053416550159454,367.80357360839844,208.55938911437988,-9.93529498577118,345.8899688720703,206.4828586578369,-19.364867210388184,421.2752151489258,253.18791389465332,7.718824148178101,401.5827178955078,208.0528736114502,-5.980364084243774,373.2366943359375,198.7833595275879,-19.20715093612671,347.10330963134766,203.58740329742432,-27.10819959640503,435.6106185913086,252.99654006958008,-4.783152937889099,418.05816650390625,206.10229969024658,-16.55712604522705,388.4473419189453,196.60077095031738,-24.841902256011963,361.7982864379883,200.7908535003662,-29.08278226852417,450.11924743652344,257.4393939971924,-18.85549545288086,431.9474792480469,219.02265071868896,-27.956643104553223,408.00899505615234,205.64806938171387,-33.24402093887329,385.0931930541992,203.7768316268921,-36.23997688293457,C
467.82012939453125,208.23497772216797,-0.00014368394658959005,423.3156967163086,226.77330493927002,8.763455748558044,379.5418167114258,232.99827575683594,5.298472046852112,350.3804397583008,245.79557418823242,-4.239979982376099,323.4336853027344,257.59371757507324,-13.636393547058105,358.4185791015625,184.0206241607666,13.757991790771484,316.1102294921875,174.78678703308105,-2.3679114878177643,294.7264862060547,191.38710021972656,-16.486852169036865,283.9772033691406,211.62952423095703,-24.87379550933838,364.1061019897461,176.46191596984863,-2.3357149958610535,312.6634216308594,160.8570098876953,-20.022594928741455,289.11773681640625,185.25551319122314,-30.855419635772705,284.0731430053711,212.28710174560547,-36.070847511291504,373.22620391845703,174.93175506591797,-20.516932010650635,324.64881896972656,157.5401258468628,-32.01521635055542,298.4224510192871,179.6546459197998,-36.76318407058716,288.262996673584,203.67692470550537,-38.765785694122314,383.73779296875,179.40147399902344,-39.00191783905029,345.57689666748047,169.96624946594238,-45.56450843811035,319.77508544921875,180.01773834228516,-48.534088134765625,303.4289360046387,194.5508050918579,-50.54320812225342,C
405.35282135009766,457.8251838684082,-3.095555939580663e-05,365.52703857421875,432.3479747772217,-1.1065618693828583,343.4885025024414,373.5355281829834,4.946366548538208,329.8760986328125,332.50319480895996,6.9881123304367065,315.7192039489746,299.91087913513184,9.985507130622864,391.3434600830078,330.49647331237793,33.407747745513916,385.0883483886719,289.87518310546875,33.95817518234253,375.14713287353516,263.85987281799316,28.80513906478882,364.31365966796875,242.44912147521973,23.352608680725098,407.45357513427734,328.44417572021484,25.40614128112793,400.0418472290039,281.46520614624023,25.148074626922607,387.29496002197266,251.67820930480957,19.17595386505127,371.4824676513672,227.74908542633057,14.664463996887207,422.6810073852539,332.33116149902344,13.300437927246094,414.6866226196289,283.92717361450195,9.06067669391632,401.9100570678711,253.93936157226562,5.364333987236023,385.7927703857422,229.53505039215088,3.158198595046997,435.85155487060547,339.72530364990234,-0.5443338677287102,426.26163482666016,296.407470703125,-6.370195746421814,415.2408981323242,268.19775581359863,-8.93867015838623,402.32879638671875,243.64754676818848,-10.343093872070312,C
91.98677062988281,377.1859645843506,0.00029097040169290267,149.60882186889648,377.0185661315918,31.23328924179077,185.6017303466797,363.045072555542,40.86559772491455,217.58235931396484,360.21331787109375,36.929259300231934,249.78477478027344,356.64639472961426,30.78763246536255,176.23285293579102,297.13794708251953,68.28813076019287,195.6627082824707,266.22599601745605,77.46429920196533,216.2228775024414,247.08749771118164,77.60416984558105,233.9801788330078,238.76526832580566,74.6342134475708,164.9015235900879,290.39085388183594,38.2804536819458,191.0959243774414,250.29539108276367,43.19785118103027,216.61373138427734,235.7636833190918,38.29911708831787,241.66767120361328,231.9312858581543,34.25146818161011,156.53127670288086,289.5127487182617,5.900546312332153,184.05128479003906,249.94022369384766,5.859591364860535,214.0958023071289,237.60366439819336,6.002795100212097,239.70691680908203,233.348708152771,5.6402260065078735,152.1764373779297,297.669153213501,-26.183793544769287,183.15841674804688,266.20983123779297,-28.331358432769775,207.0347785949707,247.6896572113037,-26.731812953948975,227.14754104614258,235.31307220458984,-25.975139141082764,C
105.44300079345703,355.17199516296387,0.00020847073756158352,154.37959671020508,356.87716484069824,5.883424878120422,192.4564552307129,346.83380126953125,4.87697035074234,224.67050552368164,344.3956661224365,-1.8619231879711151,254.86621856689453,342.07091331481934,-8.863431811332703,192.67404556274414,279.750394821167,22.420034408569336,211.11181259155273,246.60919189453125,14.90885853767395,232.415771484375,238.10431480407715,5.262201428413391,252.0488739013672,239.03138637542725,-1.5155231952667236,182.0321273803711,271.6582489013672,8.824710845947266,203.4690284729004,229.41683292388916,-0.03347933990880847,230.56175231933594,223.92006397247314,-10.299162864685059,250.7480812072754,233.88891220092773,-16.419044733047485,170.00686645507812,269.6659755706787,-7.105084657669067,193.38918685913086,226.91774368286133,-16.455048322677612,223.33431243896484,222.83886909484863,-23.12471628189087,246.72000885009766,232.4362564086914,-26.174092292785645,159.3996810913086,275.21759033203125,-23.53165864944458,184.16885375976562,245.26299476623535,-31.460728645324707,208.71759414672852,236.90777778625488,-34.684462547302246,229.58003997802734,238.9047145843506,-35.817224979400635,C
478.27091217041016,283.3717918395996,-0.00015062903003126848,431.06754302978516,303.59790802001953,8.235377669334412,385.1644515991211,308.76657485961914,7.575175166130066,353.44127655029297,319.10070419311523,0.22546499967575073,325.6001281738281,329.8398971557617,-6.893946528434753,367.46166229248047,252.17817306518555,27.881169319152832,331.89453125,244.35195922851562,16.886826753616333,309.0366744995117,255.94173431396484,3.669988512992859,294.0462875366211,270.6109142303467,-5.220140814781189,372.52506256103516,240.59775352478027,11.995433568954468,326.45374298095703,224.43964004516602,-0.8725284039974213,301.73892974853516,244.4128131866455,-12.660763263702393,292.40711212158203,269.19382095336914,-19.01384472846985,380.9776306152344,234.48975563049316,-6.821073889732361,335.6246566772461,214.40271377563477,-16.731104850769043,309.178409576416,234.14165496826172,-22.13460683822632,298.2214164733887,256.72465324401855,-24.022750854492188,390.5126190185547,235.86686611175537,-26.28959894180298,351.3742446899414,224.86616134643555,-32.05561637878418,324.96105194091797,234.66962814331055,-34.29508924484253,308.8056755065918,248.6586856842041,-35.23123025894165,C
150.00515937805176,231.86084747314453,0.00019199500457034446,190.12868881225586,269.7756099700928,22.898452281951904,218.73146057128906,288.0055618286133,26.00701093673706,237.25248336791992,309.2362403869629,19.69300389289856,252.99598693847656,333.5915279388428,12.166517972946167,254.8274040222168,237.646222114563,34.02365684509277,293.49609375,242.86551475524902,29.875943660736084,313.1213569641113,260.8872699737549,23.402729034423828,323.8926315307617,278.4104061126709,18.148512840270996,253.1945037841797,230.0584888458252,11.987075805664062,304.6120262145996,235.205397605896,4.910497069358826,323.30928802490234,258.64912033081055,-3.046766519546509,327.3204803466797,280.9599494934082,-7.820059657096863,247.6466941833496,229.15035724639893,-10.7523775100708,297.00143814086914,235.2707290649414,-16.635857820510864,316.3687515258789,259.87632751464844,-20.055348873138428,322.03330993652344,282.70113945007324,-21.99618101119995,239.46361541748047,237.74027824401855,-32.72205829620361,277.7543640136719,246.7990207672119,-37.089030742645264,298.34739685058594,262.7152919769287,-38.09419631958008,309.8769187927246,278.9550018310547,-38.75636339187622,C
128.8141632080078,381.3485813140869,0.0002504073563613929,169.2268943786621,378.85534286499023,-6.6964298486709595,208.25435638427734,358.3398914337158,-9.159204363822937,243.109130859375,345.8364200592041,-14.017009735107422,272.27535247802734,332.98853874206543,-18.35158109664917,198.05667877197266,290.35740852355957,16.954439878463745,213.57120513916016,255.4342746734619,10.568360090255737,230.84077835083008,242.05324172973633,0.9399945288896561,247.68388748168945,236.59601211547852,-5.94218373298645,187.12261199951172,283.1316375732422,12.033799886703491,205.42882919311523,244.98908042907715,6.087570786476135,225.19664764404297,233.07286262512207,-4.196066856384277,243.94515991210938,234.17547225952148,-11.203155517578125,174.0160369873047,280.23768424987793,3.778987228870392,192.54583358764648,241.67518615722656,-2.9017555713653564,213.54328155517578,229.63783264160156,-9.412935376167297,233.99951934814453,230.15650749206543,-13.19815993309021,158.99551391601562,281.72804832458496,-6.141207814216614,175.4025650024414,250.15093803405762,-12.04497218132019,192.2977066040039,236.09965324401855,-14.691517353057861,210.18001556396484,231.82693004608154,-15.93887448310852,C
